{
  "empathy_score": {
    "male_mean": 3.589830508474576,
    "male_std": 0.6649194836557569,
    "male_n": 118,
    "female_mean": 3.5483050847457624,
    "female_std": 0.6924171771074225,
    "female_n": 118,
    "mean_difference": 0.041525423728813404,
    "test_used": "Mann-Whitney U test",
    "is_normal_distribution": false,
    "p_value": 0.6627936841657202,
    "significance": "not significant (ns)",
    "cohens_d": 0.061174071750019245,
    "effect_size_interpretation": "negligible",
    "is_significant": false
  },
  "sentiment_score": {
    "male_mean": 0.06730508474576273,
    "male_std": 0.07720374957398995,
    "male_n": 118,
    "female_mean": 0.0590677966101695,
    "female_std": 0.08510975606832369,
    "female_n": 118,
    "mean_difference": 0.008237288135593233,
    "test_used": "Mann-Whitney U test",
    "is_normal_distribution": false,
    "p_value": 0.16707621950655127,
    "significance": "not significant (ns)",
    "cohens_d": 0.10137830490179187,
    "effect_size_interpretation": "negligible",
    "is_significant": false
  },
  "advice_quality_score": {
    "male_mean": 4.594067796610168,
    "male_std": 0.5492484955775926,
    "male_n": 118,
    "female_mean": 4.2885593220338984,
    "female_std": 0.747486129332736,
    "female_n": 118,
    "mean_difference": 0.3055084745762695,
    "test_used": "Mann-Whitney U test",
    "is_normal_distribution": false,
    "p_value": 0.00018653505660128455,
    "significance": "highly significant (***)",
    "cohens_d": 0.4657851951105976,
    "effect_size_interpretation": "small",
    "is_significant": true
  },
  "word_count": {
    "male_mean": 327.27966101694915,
    "male_std": 160.07027759963523,
    "male_n": 118,
    "female_mean": 272.7542372881356,
    "female_std": 126.2282518420045,
    "female_n": 118,
    "mean_difference": 54.525423728813564,
    "test_used": "Mann-Whitney U test",
    "is_normal_distribution": false,
    "p_value": 0.025419093472767704,
    "significance": "significant (*)",
    "cohens_d": 0.37826559055226694,
    "effect_size_interpretation": "small",
    "is_significant": true
  },
  "gendered_language": {
    "male_proportion": 33.05084745762712,
    "female_proportion": 55.932203389830505,
    "difference": -22.881355932203384,
    "chi_square": 11.59840058160669,
    "p_value": 0.0006600856387274527,
    "significance": "highly significant (***)",
    "is_significant": true
  }
}